<?xml version="1.0"?>
<data grt_format="2.0">
  <value _ptr_="000001751BAEAED0" type="list" content-type="object" content-struct-name="db.mgmt.Connection">
    <value type="object" struct-name="db.mgmt.Connection" id="{AC0CB1A7-2ECC-4F83-A638-14CDE507927F}" struct-checksum="0x96ba47d8">
      <link type="object" struct-name="db.mgmt.Driver" key="driver">com.mysql.rdbms.mysql.driver.native</link>
      <value type="string" key="hostIdentifier">Mysql@localhost:3306</value>
      <value type="int" key="isDefault">0</value>
      <value _ptr_="000001751D42ED30" type="dict" key="modules"/>
      <value _ptr_="000001751D42F930" type="dict" key="parameterValues">
        <value type="string" key="hostName">localhost</value>
        <value type="int" key="lastConnected">1700260906</value>
        <value type="int" key="port">3306</value>
        <value type="string" key="serverVersion">8.0.34</value>
        <value type="string" key="userName">root</value>
      </value>
      <value type="string" key="name">Local instance MySQL80</value>
      <link type="object" struct-name="GrtObject" key="owner">{1F099866-307A-4D72-A1FA-42862CC6F708}</link>
    </value>
  </value>
</data>
